expansion,route_file,route_defs,unique_quest_ids_count,unique_quest_ids
BattleForAzeroth_Horde.lua,BattleForAzeroth_Horde.lua,8,421,46846,46926,46927,46928,46929,46930,46931,46957,47103,47105,47130,47188,47226,47241,47244,47245,47247,47248,47249,47250,47259,47261,47262,47263,47264,47272,47310,47311,47312,47313,47314,47315,47316,47317,47319,47320,47321,47322,47324,47327,47418,47422,47423,47432,47433,47434,47435,47437,47438,47439,47440,47445,47491,47499,47509,47512,47513,47514,47518,47520,47521,47522,47525,47527,47528,47540,47583,47584,47585,47586,47587,47596,47597,47598,47599,47601,47602,47621,47622,47623,47631,47647,47659,47660,47696,47697,47706,47711,47716,47733,47734,47735,47736,47737,47738,47739,47740,47741,47742,47756,47868,47874,47880,47897,47915,47919,47924,47925,47959,47963,47996,47998,48014,48015,48025,48026,48090,48092,48093,48313,48314,48315,48324,48329,48330,48331,48332,48334,48335,48402,48452,48454,48468,48473,48478,48479,48480,48492,48496,48497,48498,48499,48527,48529,48530,48531,48532,48533,48534,48535,48549,48550,48551,48553,48554,48555,48573,48574,48576,48577,48578,48581,48584,48585,48588,48590,48591,48655,48656,48657,48669,48684,48699,48715,48790,48800,48801,48823,48825,48846,48847,48850,48852,48854,48855,48856,48857,48869,48871,48872,48887,48888,48889,48890,48894,48895,48896,48897,48934,48987,48988,48991,48992,48993,48996,49001,49002,49003,49005,49064,49067,49070,49071,49078,49079,49080,49081,49082,49120,49122,49125,49126,49130,49131,49132,49136,49138,49139,49141,49144,49145,49146,49147,49148,49149,49160,49185,49278,49284,49285,49286,49287,49288,49289,49309,49310,49327,49334,49340,49348,49366,49370,49377,49378,49379,49380,49382,49406,49421,49422,49424,49425,49426,49432,49437,49440,49479,49488,49489,49490,49491,49492,49493,49494,49495,49569,49615,49662,49663,49664,49665,49666,49667,49668,49669,49676,49677,49678,49679,49680,49681,49768,49774,49776,49777,49778,49779,49780,49781,49801,49810,49814,49870,49902,49905,49918,49919,49920,49922,49932,49935,49937,49938,49941,49949,49950,49955,49956,49957,49965,49969,49980,49985,50074,50076,50078,50079,50080,50081,50082,50083,50085,50087,50138,50150,50154,50178,50235,50252,50268,50297,50331,50466,50535,50536,50538,50539,50550,50561,50617,50641,50739,50745,50746,50748,50749,50750,50751,50752,50755,50757,50769,50770,50805,50808,50818,50835,50881,50913,50933,50934,50963,51053,51054,51055,51056,51057,51071,51072,51089,51091,51101,51111,51161,51162,51244,51246,51247,51248,51249,51286,51357,51364,51407,51443,51485,51538,51539,51573,51574,51602,51663,51668,51677,51678,51679,51680,51689,51772,51775,51829,51980,51990,51998,52073,52477,53502,55137,55138,58122,58124
Nazjatar_Mechagon.lua,Nazjatar_Mechagon.lua,16,28,54088,54089,54090,54091,54092,55101,56031,56044,56082,56156,56157,56162,56163,56164,56166,56167,56168,56173,56174,56175,56230,56231,56232,56233,56348,56349,56350,56351
BattleForAzeroth_Alliance.lua,BattleForAzeroth_Alliance.lua,7,494,46727,46728,46729,47098,47099,47181,47186,47189,47485,47486,47487,47488,47489,47755,47945,47946,47947,47948,47949,47950,47960,47968,47978,47979,47980,47981,47982,48003,48004,48005,48008,48009,48070,48077,48080,48087,48088,48089,48108,48109,48110,48111,48113,48165,48170,48171,48179,48180,48181,48182,48183,48184,48195,48196,48198,48283,48348,48352,48353,48354,48355,48356,48365,48366,48367,48368,48369,48370,48372,48419,48421,48474,48475,48476,48477,48504,48505,48516,48517,48518,48519,48520,48521,48522,48523,48524,48525,48538,48539,48540,48557,48558,48597,48606,48616,48622,48670,48677,48678,48679,48680,48682,48683,48773,48774,48776,48778,48792,48793,48804,48805,48853,48873,48874,48879,48880,48881,48882,48883,48898,48899,48902,48903,48904,48909,48939,48941,48942,48943,48944,48945,48946,48947,48948,48963,48965,48986,49028,49039,49066,49069,49072,49178,49181,49218,49225,49226,49229,49230,49232,49233,49234,49239,49242,49259,49260,49268,49290,49292,49295,49299,49302,49393,49394,49395,49398,49399,49400,49401,49402,49403,49404,49405,49407,49409,49412,49417,49418,49419,49431,49433,49435,49439,49443,49450,49451,49452,49453,49454,49465,49467,49468,49522,49523,49529,49531,49703,49704,49705,49706,49710,49716,49719,49720,49725,49730,49733,49734,49735,49736,49737,49738,49739,49740,49741,49744,49745,49746,49755,49791,49792,49793,49794,49803,49804,49805,49806,49807,49818,49831,49869,49886,49887,49890,49896,49897,49898,49908,49926,49939,49960,49975,49995,49996,49997,49998,50001,50002,50003,50005,50009,50026,50036,50041,50058,50059,50063,50064,50065,50069,50070,50088,50090,50091,50092,50110,50111,50133,50134,50135,50136,50139,50149,50151,50152,50157,50158,50161,50162,50165,50168,50172,50173,50174,50175,50177,50238,50249,50251,50253,50264,50265,50266,50306,50325,50327,50329,50340,50343,50349,50351,50352,50353,50354,50356,50359,50363,50365,50367,50368,50370,50376,50391,50418,50445,50446,50447,50448,50449,50450,50451,50452,50453,50454,50455,50456,50457,50481,50493,50504,50530,50531,50533,50534,50542,50544,50553,50573,50583,50584,50585,50586,50588,50593,50594,50595,50608,50609,50610,50611,50612,50614,50616,50621,50622,50635,50639,50640,50644,50645,50649,50653,50672,50674,50675,50679,50691,50696,50697,50698,50699,50704,50705,50706,50741,50742,50753,50754,50758,50759,50760,50761,50762,50763,50773,50774,50777,50778,50779,50780,50781,50783,50784,50787,50788,50789,50790,50793,50795,50797,50802,50803,50810,50814,50824,50825,50903,50908,50909,50910,50955,50972,51134,51140,51144,51151,51159,51200,51203,51204,51205,51207,51208,51209,51214,51215,51217,51218,51220,51221,51222,51226,51251,51278,51310,51314,51319,51320,51335,51339,51341,51343,51352,51353,51356,51358,51367,51368,51371,51384,51386,51390,51401,51426,51427,51430,51486,51489,51490,51492,51504,51540,51545,51547,51552,51554,51582,51711,51712,51720,51723,51726,51728,51752,51881,52033,52074,52075,52128,52130,52132,52148,52431,52750,52787,52876,53041,53045,53110,53500,55142,55146,58146,58147
BrokenShore.lua,BrokenShore.lua,10,20,46245,46246,46247,46248,46249,46250,46251,46252,46253,46254,46286,46730,46734,46735,46832,46845,47063,47139,47140,48641
Argus.lua,Argus.lua,17,31,47221,47222,47223,47224,47225,47287,47288,47289,47290,47291,47743,47744,47867,47868,47889,47890,48199,48200,48202,48203,48440,48441,48442,48460,48461,48462,48634,48635,48910,48911,48912
Legion_Horde.lua,Legion_Horde.lua,4,107,38308,38317,38324,38331,38332,38339,38343,38347,38357,38358,38360,38361,38362,38413,38414,38442,38459,38611,38612,38613,38614,38615,38617,38618,38624,38778,38808,38810,38811,38815,38816,38817,38818,38823,38872,38873,38878,38882,39153,39154,39155,39385,39405,39590,39591,39592,39593,39594,39595,39597,39652,39775,39786,39787,39788,39789,39791,39792,39793,39796,39803,39804,39837,39848,39849,39850,39851,39853,39855,39857,39984,39998,40001,40002,40003,40004,40005,40044,40046,40072,40078,40518,40522,40568,40605,40607,40760,42444,42445,42446,42447,42483,42635,42639,42640,42641,42645,43331,43595,43596,43926,44281,44663,49773,49933,50303,50319
Legion.lua,Legion.lua,65,479,11997,36811,36920,37256,37257,37447,37449,37450,37466,37467,37468,37469,37470,37486,37492,37495,37496,37497,37507,37510,37518,37528,37530,37536,37538,37542,37565,37566,37653,37654,37656,37657,37658,37659,37660,37678,37690,37727,37728,37729,37730,37733,37736,37779,37853,37855,37856,37857,37859,37860,37861,37862,37957,37959,37960,37963,37965,37991,38014,38015,38142,38143,38144,38145,38146,38147,38203,38225,38232,38235,38237,38246,38286,38307,38322,38372,38376,38377,38381,38382,38384,38407,38443,38455,38460,38566,38576,38582,38595,38641,38643,38644,38645,38646,38647,38655,38662,38663,38671,38672,38675,38684,38689,38690,38691,38710,38714,38715,38716,38717,38718,38719,38721,38723,38724,38725,38727,38728,38729,38743,38748,38753,38759,38765,38766,38813,38819,38834,38842,38857,38862,38904,38907,38909,38910,38911,38912,38913,38915,38916,38922,38933,39025,39026,39027,39029,39043,39049,39050,39051,39117,39123,39124,39133,39134,39178,39191,39214,39247,39261,39262,39272,39274,39277,39279,39305,39316,39317,39318,39321,39322,39323,39371,39372,39373,39374,39381,39383,39384,39386,39387,39391,39392,39393,39419,39425,39426,39429,39437,39438,39439,39440,39455,39456,39487,39488,39489,39490,39491,39495,39496,39498,39516,39572,39575,39576,39577,39578,39579,39580,39588,39614,39654,39656,39661,39663,39670,39682,39683,39684,39685,39686,39688,39689,39696,39718,39731,39733,39742,39756,39764,39765,39768,39769,39772,39773,39774,39776,39777,39780,39781,39859,39860,39861,39862,39864,39867,39873,39983,39988,39990,39992,40000,40043,40045,40047,40049,40050,40051,40069,40070,40071,40077,40102,40112,40122,40167,40170,40216,40219,40220,40221,40222,40228,40229,40230,40244,40247,40249,40267,40270,40316,40339,40345,40373,40378,40379,40388,40408,40515,40520,40567,40573,40579,40585,40594,40794,40814,40819,40890,41035,41036,41037,41052,41054,41062,41066,41067,41069,41085,41112,41113,41124,41141,41220,41221,41707,41749,41763,41804,41806,41807,41890,42000,42001,42002,42005,42006,42007,42008,42009,42010,42011,42017,42088,42104,42107,42110,42120,42126,42127,42149,42166,42171,42193,42194,42206,42220,42222,42231,42238,42244,42268,42271,42367,42368,42369,42370,42371,42372,42373,42375,42377,42416,42418,42423,42424,42425,42433,42434,42435,42451,42452,42454,42455,42476,42477,42479,42512,42567,42590,42596,42598,42605,42606,42607,42609,42610,42611,42614,42622,42650,42651,42662,42663,42671,42677,42679,42681,42682,42683,42685,42687,42692,42693,42694,42695,42696,42697,42703,42705,42706,42747,42748,42750,42751,42756,42770,42771,42772,42773,42774,42786,42811,42814,42815,42846,42847,42848,42849,42850,42857,42865,42866,42869,42872,42883,42884,42954,42955,43241,43441,43576,43702,43750,43949,44009,44063,44098,44240,44250,44257,44310,44370,44383,44417,44545,44547,89404,89405,89406,89407,89408,89409,89411,89412,89413,89414,89415,89416,89417,89418,90659,90901,90995,91639,91955,92430,92688
Suramar.lua,Suramar.lua,13,31,40008,40009,40010,40011,40012,40013,40014,40308,40309,40310,40617,40618,42229,42833,42834,43361,43809,43811,43812,43813,44636,44637,45316,45317,45318,45319,45372,45373,45420,45421,45422
Legion_Alliance.lua,Legion_Alliance.lua,4,88,38036,38052,38053,38057,38058,38059,38060,38210,38312,38318,38324,38331,38339,38342,38343,38347,38374,38405,38410,38412,38413,38414,38442,38473,38558,38624,38778,38808,38810,38811,38815,38816,38817,38818,38823,39059,39060,39061,39062,39063,39092,39119,39122,39405,39472,39590,39591,39592,39593,39594,39595,39597,39652,39775,39788,39791,39796,39800,39803,39804,39837,39848,39849,39850,39851,39853,39855,39857,39998,40001,40002,40003,40004,40005,40072,40078,40517,40519,40568,40593,42740,42782,44120,44663,49772,49788,50305,50313
ZaralekCavern.lua,ZaralekCavern.lua,6,19,75145,75146,75147,75148,75330,75331,75332,75333,75416,75417,75418,75626,75627,75628,75629,75630,75665,75666,75667
EmeraldDream.lua,EmeraldDream.lua,7,23,76317,76318,76319,76320,76321,76322,76323,76324,76401,76402,76403,76404,76405,76450,76451,76452,76453,76556,76557,76600,76601,76602,76603
Dragonflight_Alliance.lua,Dragonflight_Alliance.lua,3,68,65436,65935,65938,65947,65948,65962,66028,66029,66030,66031,66032,66033,66035,66036,66037,66038,66039,66040,66080,66081,66082,66083,66084,66085,66087,66101,66112,66159,66163,66166,66167,66169,66221,66244,66245,66246,66247,66248,66249,66250,66251,66252,66320,66577,66589,66596,66646,66660,67053,67700,69911,69912,69965,70040,70122,70123,70124,70125,70135,70136,70373,72240,72266,72267,72268,72269,72293,72519
Dragonflight_horde.lua,Dragonflight_horde.lua,3,68,65435,65437,65439,65443,65444,65451,65452,65453,65935,65938,65947,65948,65962,66028,66029,66030,66031,66032,66033,66035,66037,66038,66039,66040,66080,66081,66082,66083,66084,66085,66087,66101,66110,66111,66112,66159,66163,66166,66167,66169,66221,66244,66245,66246,66247,66248,66249,66250,66251,66252,66320,66646,66660,66704,69910,69911,69912,69965,70040,70136,70371,72256,72266,72267,72268,72269,72293,72519
Dragonflight.lua,Dragonflight.lua,5,302,64863,64864,64865,64866,64871,64872,64873,65036,65045,65046,65049,65050,65052,65057,65060,65063,65073,65074,65075,65084,65087,65097,65098,65100,65101,65118,65120,65133,65286,65307,65437,65613,65615,65686,65688,65689,65701,65702,65709,65751,65752,65760,65779,65780,65783,65791,65793,65794,65795,65801,65802,65803,65804,65805,65806,65836,65838,65841,65844,65845,65846,65847,65848,65849,65850,65852,65854,65855,65864,65866,65867,65868,65869,65870,65871,65872,65873,65886,65887,65890,65891,65892,65893,65909,65911,65914,65925,65926,65928,65929,65939,65940,65943,65944,65949,65950,65951,65952,65953,65954,65955,65956,65957,65958,65977,65989,65990,65991,65992,65993,65994,65995,65996,65997,65998,65999,66000,66001,66005,66006,66007,66009,66010,66015,66016,66017,66018,66019,66020,66021,66022,66023,66024,66025,66026,66027,66044,66048,66049,66055,66056,66057,66078,66079,66114,66115,66116,66117,66118,66121,66122,66123,66124,66147,66154,66164,66175,66177,66187,66201,66210,66213,66218,66222,66223,66224,66225,66228,66232,66236,66237,66239,66242,66244,66254,66256,66257,66258,66259,66324,66327,66328,66329,66331,66333,66335,66336,66337,66340,66344,66352,66353,66354,66391,66421,66422,66423,66425,66426,66427,66428,66429,66488,66489,66500,66513,66524,66525,66526,66527,66528,66529,66534,66558,66559,66577,66647,66651,66652,66654,66655,66656,66657,66680,66681,66683,66684,66687,66688,66689,66699,66703,66709,66715,66718,66724,66730,66779,66780,66781,66783,66784,66785,66788,66834,66837,66838,66839,66840,66841,66843,66844,66845,66846,66848,66931,66948,66956,66960,66963,66969,66970,66998,67033,67035,67036,67050,67173,67174,67175,67177,67299,68795,68796,68797,68798,68799,69872,69895,69904,69914,69936,69968,70041,70061,70129,70132,70174,70179,70185,70195,70220,70229,70244,70374,71027,71233,72241,72263,72435,77345,84424
ExilesReach_Horde.lua,ExilesReach_Horde.lua,1,52,54933,56839,59926,59927,59928,59929,59930,59931,59932,59933,59934,59935,59937,59938,59939,59940,59941,59942,59943,59944,59945,59946,59947,59948,59949,59950,59951,59952,59953,59954,59955,59956,59957,59958,59961,59965,59967,59968,59969,59970,59971,59972,59975,59978,59979,59980,59981,59984,59985,60162,60174,62568
ExilesReach_Alliance.lua,ExilesReach_Alliance.lua,1,52,54933,54951,54952,55122,55173,55174,55184,55186,55193,55194,55196,55639,55763,55764,55879,55881,55882,55965,55981,55988,55989,55990,55991,55992,56034,56344,56775,56839,58208,58209,58914,58915,58917,58923,58933,58946,58953,58960,58962,59002,59254,59339,59342,59347,59349,59350,59352,59354,59355,59356,60168,62567
WrathOfTheLichKing_Horde.lua,WrathOfTheLichKing_Horde.lua,2,46,12593,12619,12636,12641,12657,12670,12678,12679,12680,12687,12697,12698,12700,12701,12706,12714,12715,12716,12717,12719,12720,12722,12723,12724,12725,12727,12733,12738,12739,12751,12754,12755,12756,12757,12778,12779,12800,12801,12842,12848,12850,13165,13166,13189,58877,58903
WrathOfTheLichKing_Alliance.lua,WrathOfTheLichKing_Alliance.lua,2,46,12593,12619,12636,12641,12657,12670,12678,12679,12680,12687,12697,12698,12700,12701,12706,12714,12715,12716,12717,12719,12720,12722,12723,12724,12725,12727,12733,12738,12742,12751,12754,12755,12756,12757,12778,12779,12800,12801,12842,12848,12850,13165,13166,13188,58877,58902
MistsOfPandaria_Alliance.lua,MistsOfPandaria_Alliance.lua,5,322,29548,29552,29553,29555,29556,29558,29559,29560,29562,29576,29578,29579,29580,29585,29586,29587,29617,29618,29619,29620,29622,29623,29624,29626,29627,29628,29629,29630,29631,29632,29633,29634,29635,29636,29637,29647,29670,29716,29717,29723,29725,29726,29727,29733,29745,29747,29748,29749,29750,29751,29752,29753,29754,29755,29756,29759,29762,29865,29866,29874,29881,29882,29883,29885,29887,29888,29889,29890,29891,29892,29893,29894,29898,29899,29900,29901,29903,29904,29905,29906,29920,29922,29925,29926,29927,29928,29929,29930,29931,29932,29993,29995,29997,29998,29999,30000,30001,30002,30004,30005,30011,30069,30070,30079,30080,30081,30082,30083,30084,30088,30089,30090,30091,30133,30168,30169,30178,30268,30269,30270,30271,30272,30273,30274,30344,30346,30347,30348,30349,30350,30351,30352,30353,30354,30355,30356,30357,30359,30360,30361,30363,30384,30445,30457,30459,30460,30467,30468,30469,30480,30487,30488,30489,30491,30492,30495,30496,30498,30500,30502,30508,30512,30514,30565,30568,30569,30571,30575,30581,30582,30583,30587,30592,30593,30595,30599,30600,30601,30602,30603,30604,30605,30606,30607,30608,30610,30611,30612,30614,30616,30617,30618,30619,30621,30622,30623,30624,30625,30626,30627,30628,30648,30650,30651,30652,30660,30665,30666,30667,30668,30669,30670,30671,30672,30674,30675,30682,30683,30684,30690,30691,30692,30694,30695,30699,30715,30723,30724,30742,30743,30744,30745,30746,30747,30750,30751,30752,30794,30795,30796,30797,30798,30799,30800,30801,30802,30804,30805,30806,30807,30808,30816,30819,30820,30828,30829,30834,30855,30935,30942,30943,30944,30945,30946,30967,30991,30992,30993,30994,30999,31011,31030,31130,31228,31230,31252,31254,31260,31262,31285,31286,31287,31303,31319,31362,31392,31394,31453,31455,31456,31460,31512,31611,31695,31732,31733,31734,31735,31736,31737,31738,31739,31740,31741,31742,31743,31744,31745,31847,32018,32640,32644,32652,32654,32655,32656,32679,32681,32706,32707,32708,60125
MistsOfPandaria.lua,MistsOfPandaria.lua,5,315,29406,29408,29409,29410,29414,29417,29418,29419,29420,29421,29422,29423,29424,29521,29522,29523,29524,29577,29581,29600,29661,29662,29663,29664,29665,29666,29676,29677,29678,29679,29680,29757,29758,29768,29769,29770,29771,29772,29774,29775,29776,29777,29778,29779,29780,29781,29782,29783,29784,29785,29786,29787,29788,29789,29790,29791,29792,29793,29794,29795,29796,29797,29798,29799,29800,29871,29872,29873,29875,29877,29907,29908,29909,29910,29911,29912,29913,29914,29915,29916,29917,29918,29919,29940,29944,29945,29946,29947,29948,29949,29950,29951,29952,29981,29982,29983,29984,29985,29986,29987,29988,29989,29990,29992,30027,30028,30029,30030,30031,30032,30046,30047,30048,30049,30050,30051,30052,30053,30054,30055,30056,30057,30058,30059,30072,30073,30074,30075,30076,30077,30078,30085,30086,30117,30172,30181,30182,30183,30184,30185,30186,30267,30275,30589,30590,30591,30767,30769,30770,30771,30772,30773,30774,30775,30776,30777,30778,30779,30780,30781,30782,30783,30784,30785,30786,30787,30788,30789,30790,30791,30792,30793,30814,30815,30827,30884,30887,30888,30889,30890,30891,30892,30893,30894,30895,30896,30897,30898,30899,30900,30901,30921,30922,30923,30924,30925,30926,30927,30928,30929,30930,30931,30932,30960,30963,30964,30968,30970,30971,30972,30973,30975,30976,30977,30978,30979,30980,30981,31001,31002,31003,31004,31005,31006,31007,31008,31009,31010,31012,31013,31019,31020,31021,31022,31023,31026,31032,31063,31064,31065,31066,31067,31068,31069,31070,31071,31072,31073,31074,31075,31077,31078,31079,31080,31081,31082,31084,31085,31086,31087,31088,31089,31090,31091,31092,31107,31108,31129,31133,31175,31176,31177,31178,31179,31181,31182,31183,31184,31185,31186,31187,31188,31189,31190,31255,31265,31354,31359,31393,31398,31450,31605,31606,31660,31661,31676,31687,31688,31689,31695,31730,31782,31847,31894,32030,32038,32045,79432,79433,79434,79435,79437,79438,79440,80380
MistsOfPandaria_Horde.lua,MistsOfPandaria_Horde.lua,5,322,29576,29578,29579,29580,29585,29586,29587,29617,29618,29619,29620,29622,29623,29624,29626,29627,29628,29629,29630,29631,29632,29633,29634,29635,29636,29637,29647,29670,29690,29694,29716,29717,29723,29730,29731,29743,29745,29747,29748,29749,29750,29751,29752,29753,29754,29755,29756,29765,29804,29815,29821,29822,29823,29824,29827,29865,29866,29875,29879,29881,29882,29920,29924,29925,29926,29927,29928,29929,29930,29931,29932,29933,29935,29936,29937,29939,29941,29942,29943,29966,29967,29968,29971,29993,29995,29997,29998,29999,30000,30001,30002,30004,30005,30011,30015,30079,30080,30081,30082,30083,30084,30088,30089,30090,30091,30123,30124,30127,30128,30129,30130,30131,30132,30133,30163,30164,30168,30169,30174,30175,30179,30229,30230,30241,30268,30269,30270,30271,30272,30273,30352,30353,30457,30459,30460,30466,30467,30468,30469,30480,30484,30485,30487,30488,30489,30491,30492,30495,30496,30499,30500,30502,30504,30511,30513,30515,30570,30571,30581,30582,30587,30592,30594,30595,30599,30600,30601,30602,30603,30604,30605,30606,30607,30608,30610,30611,30612,30614,30616,30617,30618,30620,30621,30622,30623,30625,30626,30627,30628,30648,30653,30655,30656,30657,30661,30665,30666,30667,30668,30669,30670,30671,30672,30674,30675,30682,30683,30684,30690,30691,30692,30694,30695,30699,30715,30723,30724,30742,30743,30744,30745,30746,30747,30750,30751,30752,30794,30795,30796,30797,30798,30799,30800,30801,30802,30804,30805,30806,30807,30808,30816,30819,30820,30828,30829,30834,30855,30935,30942,30943,30944,30945,30946,30967,30991,30992,30993,30994,30999,31011,31030,31112,31121,31132,31134,31152,31167,31228,31230,31239,31241,31251,31253,31255,31256,31260,31261,31262,31285,31286,31287,31303,31393,31395,31453,31457,31459,31511,31611,31695,31765,31766,31767,31768,31769,31770,31771,31773,31774,31775,31776,31777,31778,31779,31847,31853,31978,31999,32018,32212,32276,32277,32278,32279,32641,32678,32680,32707,32708,32709,60126,81638
TimelessIsle_IsleThunder.lua,TimelessIsle_IsleThunder.lua,16,28,32519,32571,32572,32610,32611,32612,32679,32680,32681,32682,32683,32684,32685,32686,32707,33156,33160,33161,33162,33211,33212,33213,33214,33374,33375,33376,33377,33378
WarlordsOfDraenor_Alliance.lua,WarlordsOfDraenor_Alliance.lua,9,285,33062,33066,33077,33078,33084,33112,33113,33114,33115,33116,33120,33168,33269,33359,33419,33530,33578,33579,33580,33581,33582,33734,33740,33761,33833,33834,33917,33920,33958,33967,33969,33973,33976,33988,34012,34013,34076,34087,34088,34089,34090,34091,34092,34094,34095,34096,34097,34098,34099,34103,34104,34105,34154,34157,34163,34164,34234,34240,34326,34351,34392,34393,34398,34399,34400,34403,34406,34407,34415,34420,34422,34423,34425,34429,34431,34432,34434,34436,34437,34439,34442,34445,34448,34452,34458,34478,34504,34508,34558,34563,34571,34573,34575,34578,34582,34583,34584,34585,34586,34587,34616,34624,34639,34646,34655,34656,34657,34658,34659,34660,34667,34692,34698,34699,34700,34701,34702,34703,34704,34707,34724,34728,34756,34773,34777,34804,34805,34827,34828,34829,34830,34836,34838,34847,34876,34882,34883,34884,34885,34886,34898,34925,34942,34958,34959,34963,34976,34977,34978,34979,34980,34981,34987,34998,35019,35026,35033,35037,35045,35050,35055,35063,35065,35077,35079,35080,35081,35082,35089,35090,35091,35128,35137,35139,35166,35174,35176,35210,35211,35227,35236,35240,35242,35254,35257,35258,35259,35260,35261,35273,35274,35276,35285,35286,35293,35298,35329,35339,35353,35380,35407,35408,35482,35549,35556,35611,35619,35633,35634,35636,35640,35642,35644,35645,35647,35649,35650,35651,35652,35654,35656,35659,35664,35665,35666,35668,35671,35674,35675,35676,35686,35693,35702,35708,35730,35733,35734,35747,35828,35834,35870,35881,35884,35925,35933,35934,36179,36208,36209,36210,36223,36368,36384,36425,36428,36432,36436,36437,36438,36439,36440,36441,36442,36443,36473,36476,36480,36495,36500,36504,36508,36520,36563,36564,36566,36571,36603,36660,36792,36801,37296,37327,37329,37422,49564
WarlordsOfDraenor_Horde.lua,WarlordsOfDraenor_Horde.lua,8,398,32783,32791,32792,32794,32795,32796,32804,32929,32989,32990,32991,32992,32993,32994,33013,33119,33125,33132,33145,33344,33408,33410,33412,33450,33454,33467,33468,33469,33470,33473,33483,33484,33493,33526,33527,33530,33543,33544,33546,33548,33563,33578,33579,33580,33581,33582,33593,33622,33657,33660,33661,33662,33663,33685,33689,33694,33695,33706,33720,33721,33722,33724,33728,33729,33730,33734,33735,33736,33740,33754,33761,33784,33785,33807,33815,33816,33826,33828,33868,33898,33917,33920,33970,33971,33972,33973,33976,33988,34012,34013,34066,34069,34092,34106,34107,34108,34122,34144,34157,34163,34164,34209,34216,34227,34228,34229,34230,34234,34242,34277,34278,34280,34291,34292,34294,34295,34326,34344,34345,34346,34348,34351,34364,34375,34378,34379,34380,34392,34393,34398,34399,34400,34401,34402,34404,34414,34418,34420,34421,34422,34423,34425,34427,34429,34437,34439,34442,34445,34446,34447,34451,34461,34462,34505,34508,34512,34514,34515,34516,34564,34566,34569,34576,34577,34579,34592,34598,34639,34655,34656,34657,34658,34659,34660,34662,34663,34664,34665,34666,34667,34683,34696,34697,34698,34699,34700,34702,34703,34706,34710,34724,34736,34737,34739,34740,34741,34756,34765,34766,34775,34795,34803,34805,34808,34809,34810,34811,34818,34822,34823,34824,34826,34827,34828,34829,34830,34837,34838,34840,34849,34850,34855,34858,34860,34861,34866,34868,34870,34882,34883,34884,34885,34886,34898,34899,34914,34915,34916,34917,34918,34921,34922,34923,34924,34925,34938,34939,34942,34948,34950,34958,34962,34971,34987,34991,34998,34999,35000,35001,35002,35003,35004,35005,35007,35009,35010,35011,35012,35013,35016,35017,35021,35025,35026,35027,35029,35030,35031,35035,35036,35037,35038,35040,35041,35077,35079,35080,35081,35082,35089,35090,35091,35102,35128,35129,35136,35139,35150,35151,35152,35155,35156,35157,35158,35159,35202,35210,35211,35226,35237,35241,35245,35247,35248,35249,35257,35258,35259,35260,35261,35272,35273,35275,35277,35285,35295,35298,35322,35339,35353,35380,35407,35408,35505,35506,35508,35524,35527,35550,35611,35632,35634,35636,35649,35663,35667,35668,35669,35670,35671,35704,35707,35730,35733,35734,35747,35870,35880,35881,35895,35896,35897,35907,35925,35933,35934,36059,36085,36179,36183,36316,36384,36425,36428,36434,36460,36473,36474,36476,36480,36494,36500,36504,36520,36563,36564,36566,36567,36571,36603,36660,36706,36790,36792,37296,37326,37328,37422
Cataclysm_Horde.lua,Cataclysm_Horde.lua,2,98,14001,14014,14019,14021,14031,14069,14070,14071,14075,14109,14110,14113,14115,14116,14120,14121,14122,14123,14124,14125,14126,14138,14153,14233,14234,14235,14236,14237,14238,14240,14241,14242,14243,14244,14245,14248,14303,14326,14445,14473,24488,24502,24503,24520,24567,24671,24741,24744,24816,24817,24856,24858,24859,24864,24868,24897,24901,24924,24925,24929,24937,24940,24942,24945,24946,24952,24954,24958,25023,25024,25058,25066,25093,25098,25099,25100,25109,25110,25122,25123,25125,25184,25200,25201,25202,25204,25207,25213,25214,25244,25251,25265,25266,25473,26711,26712,27139,28349
Cataclysm_Alliance.lua,Cataclysm_Alliance.lua,1,82,14078,14091,14093,14094,14098,14099,14154,14157,14159,14204,14212,14214,14218,14221,14222,14265,14286,14293,14294,14313,14320,14321,14336,14347,14348,14366,14367,14368,14369,14375,14382,14386,14395,14396,14397,14398,14399,14400,14401,14402,14403,14404,14406,14412,14416,14465,14466,24438,24468,24472,24483,24484,24495,24501,24575,24578,24592,24593,24602,24616,24617,24627,24628,24646,24672,24673,24674,24675,24676,24677,24678,24679,24680,24681,24902,24903,24904,24920,24930,26129,26706,28850
TolBarad_MoltenFront.lua,TolBarad_MoltenFront.lua,14,28,25372,25611,26499,26500,26585,26586,26587,26709,28684,28686,28687,28697,28698,28721,28722,28723,28731,28732,28733,29101,29102,29103,29198,29199,29279,29281,50059,50060
TheBurningCrusade_Alliance.lua,TheBurningCrusade_Alliance.lua,1,18,9279,9280,9283,9293,9294,9309,9311,9312,9313,9314,9371,9409,9798,9799,10302,10303,37444,37445
TheBurningCrusade_Horde.lua,TheBurningCrusade_Horde.lua,1,31,8325,8326,8327,8334,8335,8338,8347,8350,8463,8468,8472,8475,8482,8486,8487,8488,8895,9119,9130,9133,9252,9254,9255,9352,9358,9704,9705,37439,37440,37442,37443
AzjKahet.lua,AzjKahet.lua,7,23,78697,78698,78699,78700,78701,78702,78703,78704,78705,78706,79801,79802,79803,79804,79860,79861,79862,79863,79864,79900,79901,79902,79903
RingingDeeps.lua,RingingDeeps.lua,6,22,78570,78571,78572,78573,78574,78575,78576,78577,78578,78579,79197,79198,79199,79200,79201,79202,79350,79550,79551,79552,79553,79651
Hallowfall.lua,Hallowfall.lua,6,22,78632,78633,78634,78635,78636,78637,78638,78639,78640,79415,79416,79417,79418,79419,79680,79681,79682,79750,79751,79752,79753,79754
delves.lua,delves.lua,0,0,
TheWarWithin.lua,TheWarWithin.lua,25,703,78226,78228,78231,78232,78233,78234,78236,78237,78244,78248,78249,78250,78251,78254,78255,78256,78289,78290,78291,78292,78293,78294,78348,78350,78352,78353,78354,78383,78384,78392,78393,78457,78459,78460,78461,78462,78463,78464,78465,78467,78468,78469,78470,78471,78529,78530,78531,78532,78533,78534,78535,78536,78538,78539,78540,78541,78542,78543,78544,78545,78546,78555,78557,78562,78563,78564,78570,78571,78572,78573,78574,78607,78613,78614,78615,78618,78620,78621,78624,78626,78627,78628,78629,78630,78631,78634,78635,78636,78637,78638,78639,78640,78641,78642,78658,78659,78665,78666,78667,78668,78669,78670,78671,78672,78685,78696,78697,78700,78701,78703,78704,78705,78706,78713,78714,78715,78716,78717,78718,78719,78721,78722,78738,78741,78742,78743,78744,78745,78746,78747,78748,78749,78754,78755,78756,78757,78758,78759,78760,78761,78837,78838,78839,78874,78877,78895,78900,78918,78929,78932,78934,78936,78937,78939,78941,78942,78943,78948,78950,78951,78952,78954,78996,78997,78998,78999,79022,79023,79024,79025,79026,79027,79028,79029,79030,79089,79105,79106,79107,79124,79129,79139,79140,79145,79146,79147,79148,79149,79151,79152,79153,79154,79156,79157,79175,79176,79193,79194,79197,79200,79201,79202,79203,79204,79205,79206,79213,79217,79224,79227,79230,79233,79237,79239,79240,79241,79243,79244,79256,79258,79259,79260,79261,79262,79263,79264,79265,79266,79267,79297,79324,79325,79327,79328,79333,79335,79336,79337,79338,79339,79340,79341,79342,79343,79344,79354,79367,79368,79369,79370,79371,79372,79475,79476,79477,79480,79481,79504,79505,79507,79508,79510,79521,79522,79523,79525,79526,79527,79528,79529,79530,79542,79543,79544,79545,79546,79552,79553,79556,79565,79574,79579,79580,79625,79630,79641,79642,79643,79644,79645,79646,79647,79648,79649,79679,79680,79681,79682,79683,79686,79691,79692,79701,79703,79716,79721,79724,79725,79726,79727,79728,79944,79998,79999,80000,80022,80049,80058,80079,80082,80145,80202,80207,80209,80210,80211,80212,80213,80214,80215,80216,80217,80218,80321,80392,80399,80401,80402,80404,80405,80406,80407,80408,80434,80500,80508,80509,80510,80511,80512,80513,80514,80515,80516,80517,80576,80577,80578,80593,80676,80682,80689,81556,81557,81558,81559,81568,81613,81655,81661,81669,81672,81689,81690,81693,81712,81713,81886,81887,81888,81889,81912,81913,81914,81915,81930,81999,82144,82153,82195,82213,82214,82215,82216,82217,82226,82441,82465,82466,82467,82628,82681,82682,82690,82691,82692,82693,82694,82695,82696,82697,82698,82699,82700,82701,82702,82747,82768,82773,82774,82785,82786,82792,82796,82797,82798,82799,82800,82801,82814,82836,82843,82844,82847,82848,82895,82952,82956,82969,82990,83031,83081,83082,83083,83084,83087,83092,83096,83109,83114,83115,83116,83117,83118,83119,83120,83121,83122,83123,83124,83125,83126,83127,83128,83129,83130,83137,83138,83139,83140,83141,83142,83143,83144,83145,83146,83147,83148,83149,83150,83151,83152,83153,83155,83159,83160,83162,83163,83165,83167,83168,83169,83170,83171,83172,83173,83174,83175,83176,83181,83182,83194,83195,83196,83197,83198,83199,83200,83201,83202,83203,83204,83205,83206,83207,83271,83286,83306,83315,83331,83335,83336,83337,83338,83339,83499,83502,83503,83539,83543,83550,83551,83552,83553,83554,83555,83556,83641,83643,83723,83743,83749,83752,83755,83758,83759,83761,83762,83763,83764,83766,83767,83768,83769,83770,83771,83773,83933,84022,84121,84122,84223,84392,84446,84638,84639,84640,84641,84643,84645,84649,84650,84651,84652,84656,84657,84658,84659,84664,84683,84701,84704,84705,84706,84707,84708,84709,84710,84711,84712,84713,84714,84715,84716,84717,84719,84720,84721,84722,84723,84724,84725,84726,84727,84728,84826,84827,84831,84834,84838,84848,84855,84856,84857,84858,84859,84860,84861,84862,84863,84864,84865,84866,84867,84869,84876,84879,84883,84896,84897,84898,84899,84900,84902,84903,84904,84905,84906,84910,84940,84941,84956,84957,84958,84959,84960,84961,84963,84964,84965,84966,84967,85003,85005,85032,85037,85039,85174,85190,85191,85192,85409,85410,85444,85449,85450,85451,85529,85562,85724,85730,85780,85941,85961,86204,86297,86327,86332,86417,86456,86457,86458,86495,86535,86618,86820,86835,86934,86935,86946,87297,87299,87321,87475,87477,87480,87581,89295,89331,89332,89493,90517,92031
IsleOfDorn.lua,IsleOfDorn.lua,4,22,78529,78530,78531,78532,78533,78534,78535,78536,78713,78714,78715,79022,79023,79024,79025,79026,79339,79340,79341,79342,79573,81930
EasternKingdoms_Alliance.lua,EasternKingdoms_Alliance.lua,22,861,106,107,111,112,114,123,147,176,182,185,186,187,188,190,191,192,193,194,195,196,197,208,218,239,309,313,314,315,384,412,432,433,583,3361,5545,6387,6391,12593,12619,12636,12641,12657,12670,12678,12679,12680,12687,12697,12698,12700,12701,12706,12714,12715,12716,12717,12719,12720,12722,12723,12724,12725,12727,12733,12738,12751,12754,12755,12756,12757,12778,12779,12800,12801,12842,12848,12850,13165,13166,13188,13635,13636,13639,13647,13648,13650,13655,13656,13657,13658,13659,13660,13661,24469,24470,24471,24473,24474,24475,24477,24486,24487,24489,24490,24491,24492,24913,25118,25211,25235,25395,25667,25668,25702,25703,25705,25706,25708,25709,25710,25711,25712,25713,25714,25715,25716,25721,25722,25723,25724,25725,25726,25727,25733,25734,25735,25736,25770,25777,25780,25792,25800,25801,25802,25803,25804,25805,25815,25816,25817,25818,25819,25820,25838,25839,25840,25841,25849,25850,25853,25854,25855,25856,25857,25864,25865,25866,25867,25868,25882,25905,25926,25927,25932,25933,25937,25939,25978,25979,25986,25997,26024,26035,26036,26037,26038,26039,26041,26042,26049,26050,26051,26052,26055,26079,26093,26095,26110,26113,26114,26116,26117,26120,26127,26128,26139,26145,26146,26147,26148,26152,26157,26158,26159,26160,26161,26162,26163,26164,26165,26166,26167,26168,26169,26170,26171,26172,26173,26174,26175,26176,26184,26185,26186,26187,26189,26195,26196,26197,26199,26202,26203,26205,26206,26208,26209,26213,26214,26215,26222,26228,26229,26232,26236,26237,26241,26264,26265,26266,26270,26271,26284,26285,26286,26287,26288,26289,26290,26291,26292,26295,26297,26316,26318,26319,26320,26322,26327,26329,26331,26333,26336,26339,26341,26342,26343,26344,26345,26346,26347,26348,26349,26353,26354,26355,26356,26364,26371,26373,26380,26389,26390,26391,26421,26422,26423,26424,26425,26462,26483,26485,26486,26490,26491,26492,26496,26497,26498,26503,26504,26505,26506,26508,26509,26510,26511,26512,26513,26514,26515,26516,26517,26518,26519,26520,26521,26523,26524,26525,26526,26528,26529,26530,26531,26532,26544,26545,26546,26547,26548,26560,26561,26562,26563,26566,26567,26568,26569,26570,26571,26573,26586,26587,26593,26594,26595,26597,26599,26600,26601,26602,26603,26604,26605,26606,26607,26609,26610,26611,26612,26613,26614,26616,26617,26618,26620,26623,26624,26627,26628,26629,26630,26631,26633,26634,26635,26636,26637,26638,26639,26640,26641,26643,26644,26645,26646,26647,26648,26649,26650,26651,26652,26653,26654,26655,26660,26661,26662,26663,26664,26665,26666,26667,26668,26669,26670,26671,26672,26674,26676,26677,26678,26679,26680,26681,26683,26684,26685,26686,26688,26689,26690,26691,26692,26693,26694,26695,26697,26698,26699,26700,26703,26707,26708,26713,26714,26717,26719,26720,26721,26722,26723,26724,26725,26727,26729,26730,26731,26732,26733,26734,26735,26736,26737,26738,26739,26740,26742,26743,26744,26745,26746,26747,26748,26749,26751,26753,26754,26760,26763,26765,26772,26773,26774,26775,26776,26777,26778,26779,26780,26781,26782,26787,26793,26794,26795,26808,26809,26810,26811,26812,26813,26814,26815,26816,26817,26818,26819,26820,26821,26822,26823,26824,26825,26838,26842,26843,26844,26845,26846,26854,26855,26860,26863,26864,26868,26927,26928,26929,26932,26935,26953,26954,26955,26956,26957,26961,26980,26999,27000,27001,27002,27011,27012,27013,27016,27017,27025,27026,27028,27030,27031,27032,27033,27034,27035,27036,27037,27053,27054,27055,27057,27074,27075,27077,27078,27115,27116,27151,27152,27153,27154,27155,27156,27157,27159,27160,27161,27162,27163,27164,27165,27166,27167,27168,27169,27170,27171,27172,27173,27174,27175,27197,27198,27199,27201,27202,27204,27205,27206,27367,27368,27369,27370,27371,27372,27373,27381,27382,27383,27384,27385,27386,27387,27388,27389,27390,27391,27392,27420,27421,27422,27432,27448,27449,27450,27451,27452,27453,27454,27455,27456,27457,27458,27459,27460,27461,27462,27463,27464,27465,27466,27467,27477,27479,27481,27482,27487,27488,27489,27521,27522,27523,27524,27525,27526,27527,27528,27529,27530,27531,27532,27533,27534,27535,27536,27539,27544,27551,27587,27592,27597,27598,27599,27600,27612,27613,27614,27615,27616,27617,27618,27619,27620,27625,27626,27635,27656,27663,27670,27671,27674,27683,27691,27693,27694,27704,27705,27709,27713,27714,27715,27725,27740,27757,27764,27765,27766,27768,27769,27770,27771,27772,27773,27774,27775,27776,27789,27791,27792,27793,27794,27795,27796,27797,27818,27821,27822,27823,27824,27825,27826,27827,27828,27829,27830,27831,27832,27833,27834,27835,27840,27843,27845,27849,27851,27858,27859,27860,27869,27870,27875,27876,27902,27904,27912,27914,27918,27930,27956,27958,27959,27960,27961,27962,27963,27964,27965,27976,27977,27979,27980,27981,27982,27983,27984,27985,27986,28028,28029,28030,28032,28033,28034,28035,28052,28054,28055,28056,28057,28060,28061,28062,28064,28099,28167,28169,28172,28174,28177,28178,28179,28180,28181,28182,28183,28184,28202,28225,28226,28227,28239,28245,28246,28252,28253,28254,28265,28266,28278,28279,28286,28310,28311,28312,28313,28314,28315,28316,28317,28318,28319,28320,28321,28322,28326,28327,28415,28649,28766,28774,28789,28797,28813,28823,28868,31135,31137,37112,41217,41218
EasternKingdoms_Horde.lua,EasternKingdoms_Horde.lua,8,199,6321,24959,24960,24961,24970,24971,24972,24973,24974,24975,24976,24977,24978,24979,24980,24981,24982,24983,24988,24989,24990,24992,24993,24996,25038,25089,25090,26799,26800,26801,26802,26920,26921,26922,26923,26924,26925,26926,26930,26931,26933,26935,26937,26938,26952,26953,26954,26955,26956,26957,26964,26965,26978,26979,26989,26992,26995,26998,26999,27000,27001,27002,27011,27012,27013,27017,27039,27045,27053,27054,27055,27056,27057,27065,27069,27073,27082,27083,27084,27085,27086,27087,27088,27089,27090,27093,27094,27095,27096,27097,27098,27099,27117,27144,27151,27152,27153,27154,27155,27156,27157,27180,27181,27193,27194,27195,27226,27231,27232,27290,27322,27333,27342,27345,27349,27350,27360,27364,27401,27405,27406,27423,27438,27472,27474,27475,27476,27478,27480,27483,27484,27510,27512,27513,27518,27547,27548,27550,27683,28089,28096,28111,28114,28115,28138,28144,28146,28154,28156,28168,28189,28192,28196,28197,28199,28206,28209,28230,28231,28235,28237,28251,28324,28325,28329,28330,28331,28332,28344,28345,28348,28354,28355,28375,28397,28400,28484,28485,28487,28489,28495,28506,28538,28556,28566,28587,28600,28603,28604,28605,28608,28616,28620,28634,28635,28636,28643,28651,28672
Kalimdor_Horde.lua,Kalimdor_Horde.lua,14,222,743,744,749,751,761,773,833,834,835,844,845,848,850,851,852,855,858,863,865,867,869,870,871,872,875,876,877,880,881,887,891,895,899,903,905,4021,5041,6361,6362,6363,6364,11129,13878,13949,13961,13963,13968,13969,13970,13971,13973,13975,13988,13991,13992,13995,13998,13999,14003,14004,14006,14034,14038,14042,14045,14046,14049,14050,14052,14056,14057,14063,14066,14067,14068,14072,14073,14438,14449,14452,14455,14456,14458,14459,14460,14461,14491,20440,20441,23733,24215,24440,24441,24456,24457,24459,24504,24505,24512,24513,24514,24515,24517,24523,24524,24550,24622,24623,24624,24625,24626,24750,24751,24753,24754,24755,24758,24759,24761,24762,24763,24764,24765,24767,24768,24769,24770,24771,24773,24774,24775,24776,24777,24779,24780,24781,24782,24783,24785,24786,24787,24812,24813,24814,24852,24861,25035,25037,25064,25073,25126,25127,25129,25130,25131,25132,25133,25135,25136,25152,25165,25167,25168,25169,25170,25171,25172,25173,25176,25177,25178,25179,25187,25188,25190,25192,25193,25194,25195,25196,25205,25206,25227,25232,25236,25256,25257,25258,25259,25260,25261,25262,25263,25284,26179,26180,26188,26769,29015,29021,29022,29023,29024,29026,29027,29086,29087,29088,29089,29090,29094,29095,29109,29110,29111,29112,31158,31159,31160,31161,31163,37446
Kalimdor_Alliance.lua,Kalimdor_Alliance.lua,17,878,475,476,483,486,487,488,489,918,919,922,923,929,930,931,932,933,935,937,997,1204,1222,1258,1454,1455,1456,2159,2438,2459,2499,2518,2541,2561,5501,5561,6132,6134,7383,8277,8278,8279,8280,8281,8282,8283,8284,8285,8287,8304,8306,8309,8310,8314,8318,8320,8321,8323,9314,9415,9452,9453,9454,9506,9512,9513,9514,9515,9523,9527,9530,9531,9537,9538,9539,9540,9541,9542,9544,9548,9549,9550,9557,9559,9560,9561,9562,9564,9565,9566,9567,9569,9570,9571,9573,9574,9578,9579,9580,9581,9582,9584,9585,9594,9602,9620,9622,9624,9628,9629,9634,9641,9643,9646,9647,9648,9649,9663,9666,9667,9668,9669,9670,9672,9674,9682,9683,9687,9688,9689,9693,9694,9696,9698,9699,9700,9703,9706,9711,9740,9741,9746,9748,9753,9756,9759,9760,9761,9779,10063,10064,10065,10066,10067,10324,10428,11208,11211,11212,13504,13505,13506,13507,13508,13509,13510,13511,13512,13513,13514,13515,13518,13519,13520,13521,13522,13523,13525,13526,13527,13528,13529,13542,13543,13544,13547,13554,13557,13558,13560,13561,13562,13563,13564,13565,13566,13569,13573,13575,13576,13577,13578,13579,13580,13581,13582,13583,13584,13585,13586,13587,13588,13589,13590,13591,13594,13595,13596,13598,13599,13601,13602,13605,13617,13623,13624,13626,13630,13632,13642,13644,13645,13646,13683,13698,13766,13792,13796,13831,13844,13849,13853,13867,13868,13869,13872,13874,13876,13877,13880,13881,13882,13884,13886,13892,13902,13907,13909,13910,13911,13912,13913,13918,13919,13921,13922,13924,13928,13935,13940,13945,13946,13948,13965,13976,13979,13981,13982,13985,13987,13989,14005,14193,14246,14247,14251,14252,14253,14254,14256,14257,14260,14264,14268,14282,14284,14292,14301,14302,14304,14305,14306,14307,14309,14311,14312,14314,14316,14318,14325,14327,14328,14329,14354,14357,14358,14361,14362,14363,14364,14365,14372,14373,14374,14376,14378,14379,14380,14381,14384,14387,24565,24566,24570,24571,24574,24601,24606,24653,24686,24687,24689,24690,24691,24692,24693,24694,24695,24697,24698,24699,24700,24701,24703,24704,24705,24706,24707,24708,24709,24714,24715,24717,24718,24719,24720,24721,24722,24723,24730,24731,24732,24733,24734,24735,24736,24737,24740,24742,24794,24824,24854,24855,24862,24863,24865,24866,24926,24931,24932,24933,24934,24938,24939,24941,24943,24944,24948,24951,24953,24956,25000,25002,25008,25015,25021,25022,25025,25026,25027,25028,25032,25034,25036,25041,25042,25043,25044,25045,25048,25049,25050,25052,25053,25054,25057,25059,25060,25061,25062,25063,25065,25067,25070,25072,25074,25075,25079,25080,25081,25082,25084,25085,25086,25087,25091,25094,25095,25102,25104,25106,25108,25111,25112,25115,25120,25121,25151,25153,25163,25166,25174,25175,25182,25183,25185,25186,25191,25197,25208,25304,25333,25350,25368,25379,25394,25396,25397,25398,25399,25400,25401,25402,25403,25406,25407,25409,25410,25420,25421,25422,25423,25426,25427,25429,25431,25432,25433,25434,25436,25437,25438,25447,25448,25449,25450,25451,25458,25463,25465,25466,25468,25469,25486,25488,25504,25513,25515,25517,25521,25522,25524,25532,25542,25559,25565,25566,25585,25588,25590,25607,25609,25613,25614,25615,25616,25621,25622,25627,25640,25642,25646,25647,25649,25650,25652,25654,25660,25661,25662,25669,25672,25673,25704,25728,25729,25730,25739,25741,25744,25756,25762,25765,25766,25767,25768,25769,25774,25778,25790,25793,25796,25798,25806,25808,25809,25811,25813,25821,25822,25823,25825,25834,25835,25837,25844,25845,25846,25847,25848,25851,25869,25871,25873,25875,25876,25877,25878,25879,25880,25889,25891,25912,25913,25914,25925,25930,25931,25934,25935,26401,26402,26443,26444,26445,26446,26453,26454,26455,26457,26463,26464,26465,26466,26467,26468,26469,26470,26472,26473,26474,26475,26476,26477,26478,26479,26480,26481,26482,26574,26838,26886,26887,26889,27183,27184,27186,27188,27189,27190,27191,27210,27211,27212,27213,27214,27215,27216,27217,27218,27219,27220,27221,27222,27234,27235,27236,27237,27238,27239,27242,27243,27245,27246,27247,27248,27249,27252,27262,27263,27264,27275,27284,27285,27286,27287,27288,27291,27310,27312,27314,27316,27318,27320,27323,27325,27327,27329,27336,27339,27340,27346,27347,27348,27357,27407,27408,27409,27410,27411,27412,27413,27425,27426,27427,27428,27429,27430,27989,27994,27995,27997,28000,28031,28044,28045,28047,28048,28049,28051,28085,28086,28087,28088,28098,28100,28102,28113,28116,28119,28121,28124,28125,28126,28127,28128,28129,28131,28136,28139,28140,28142,28148,28150,28152,28153,28155,28157,28158,28159,28160,28190,28207,28208,28213,28214,28217,28218,28219,28220,28221,28222,28224,28228,28229,28256,28257,28261,28264,28283,28288,28305,28306,28337,28338,28341,28342,28358,28359,28360,28361,28362,28364,28366,28374,28381,28382,28383,28384,28385,28386,28387,28388,28389,28392,28460,28464,28467,28469,28470,28471,28472,28479,28513,28518,28519,28522,28530,28534,28535,28536,28537,28540,28609,28610,28618,28624,28625,28626,28627,28628,28629,28630,28631,28632,28637,28638,28639,28640,28641,28656,28674,28676,28701,28703,28706,28707,28710,28713,28714,28715,28718,28719,28722,28723,28724,28725,28726,28727,28728,28729,28730,28731,28742,28745,28782,28828,28829,28830,28831,28837,28838,28839,28840,28841,28842,28847,28848,28881,29032
10-70-Ally-EclipseGlaives.lua,10-70-Ally-EclipseGlaives.lua,1,311,123,147,309,5545,13635,13636,13639,13647,13648,13650,13655,13656,13657,13658,13659,13660,13661,25118,25235,26145,26146,26147,26148,26152,26176,26503,26504,26505,26506,26508,26509,26510,26511,26512,26513,26514,26519,26520,26544,26545,26560,26561,26562,26563,26567,26568,26569,26570,26571,26573,26586,26587,26607,26616,26618,26620,26623,26627,26636,26637,26638,26639,26640,26645,26652,26653,26654,26655,26660,26661,26666,26667,26669,26670,26671,26672,26674,26676,26677,26680,26681,26683,26684,26685,26686,26688,26689,26690,26691,26707,26717,26719,26720,26721,26722,26723,26724,26725,26727,26728,26753,26754,26760,26777,26778,26787,26793,26794,26842,26843,26844,26845,26846,26854,26855,26860,26863,26864,26868,26927,26928,26929,26932,26961,27016,27025,27026,27028,27030,27031,27032,27033,27034,27035,27036,27037,27074,27075,27077,27078,27115,27116,33062,33112,33113,33115,33120,33359,33419,34012,34392,34393,34398,34420,34422,34423,34425,34429,34431,34432,34434,34436,34437,34439,34442,34445,34478,34504,34558,34575,34582,34583,34584,34585,34586,34587,34616,34639,34646,34655,34656,34657,34658,34659,34660,34698,34699,34700,34702,34703,34704,34756,34805,34827,34828,34829,34830,34838,34882,34883,34884,34885,34886,34898,34925,34942,34958,34987,35019,35026,35033,35037,35050,35055,35063,35065,35077,35079,35080,35081,35082,35089,35090,35091,35128,35137,35139,35166,35174,35176,35210,35211,35240,35242,35257,35258,35259,35260,35261,35273,35274,35276,35285,35286,35293,35298,35329,35339,35353,35380,35407,35408,35482,35549,35611,35619,35633,35634,35636,35640,35642,35644,35645,35647,35656,35659,35664,35665,35666,35668,35671,35674,35675,35686,35693,35702,35730,35733,35734,35747,35828,35834,35870,35881,35883,35884,35925,35933,35934,36179,36208,36209,36210,36223,36384,36425,36428,36432,36480,36500,36508,36520,36563,36660,36833,37296,37327,37329,37422,40519,44184
Shadowlands_Horde.lua,Shadowlands_Horde.lua,2,300,56829,56942,56955,56978,57007,57025,57026,57037,57098,57102,57131,57136,57159,57161,57164,57173,57174,57175,57176,57177,57178,57179,57180,57182,57189,57190,57240,57261,57263,57264,57265,57266,57267,57269,57270,57288,57291,57380,57381,57386,57390,57405,57425,57426,57427,57428,57442,57446,57447,57460,57461,57511,57512,57514,57515,57516,57584,57676,57677,57689,57690,57691,57693,57694,57709,57710,57711,57713,57714,57716,57717,57719,57724,57787,57816,57876,57877,57878,57908,57909,57912,57947,57948,57949,57950,57951,57976,57977,57979,57982,57983,57984,57985,57986,57987,57993,57994,58011,58016,58027,58031,58036,58045,58086,58174,58268,58351,58433,58473,58480,58483,58484,58486,58488,58524,58589,58590,58591,58592,58593,58616,58617,58618,58654,58714,58719,58720,58721,58723,58724,58726,58751,58771,58799,58800,58821,58843,58869,58916,58931,58932,58941,58976,58977,58978,58979,58980,59009,59011,59014,59015,59021,59023,59025,59130,59147,59171,59172,59185,59188,59190,59196,59197,59198,59199,59200,59202,59206,59209,59210,59223,59231,59232,59256,59327,59426,59616,59644,59751,59752,59753,59754,59755,59756,59757,59758,59759,59760,59761,59762,59765,59766,59767,59770,59773,59774,59776,59874,59897,59907,59914,59915,59920,59959,59960,59962,59966,59973,59974,60005,60006,60007,60008,60009,60013,60020,60021,60052,60053,60054,60055,60056,60129,60148,60149,60150,60151,60152,60154,60156,60179,60180,60181,60219,60313,60338,60341,60428,60451,60453,60461,60506,60519,60520,60521,60522,60557,60563,60566,60567,60572,60575,60577,60578,60594,60600,60621,60624,60628,60629,60630,60631,60632,60637,60638,60639,60644,60647,60648,60661,60671,60709,60724,60733,60735,60737,60738,60763,60764,60778,60831,60839,60856,60857,60859,60881,60886,60901,60905,60972,61096,61107,61190,61715,61716,61874,62170,62654,62718,62807
Korthia_ZerethMortis.lua,Korthia_ZerethMortis.lua,13,25,63543,63575,63576,63622,63623,63624,63794,63795,64271,64272,64273,64555,64556,65178,65219,65220,65238,65324,65325,65326,65455,65456,65648,65649,65650
Shadowlands.lua,Shadowlands.lua,17,369,56829,56942,56955,56978,57007,57025,57026,57037,57098,57102,57131,57136,57159,57161,57164,57173,57174,57175,57176,57177,57178,57179,57180,57182,57189,57190,57240,57261,57263,57264,57265,57266,57267,57269,57270,57288,57291,57380,57381,57386,57390,57405,57425,57426,57427,57428,57442,57444,57446,57447,57460,57461,57511,57512,57514,57515,57516,57529,57531,57532,57533,57534,57535,57536,57538,57545,57547,57568,57571,57584,57651,57652,57653,57655,57656,57657,57660,57676,57677,57689,57690,57691,57693,57694,57709,57710,57711,57712,57713,57714,57716,57717,57719,57724,57787,57816,57818,57824,57825,57865,57866,57867,57868,57869,57870,57871,57876,57877,57878,57908,57909,57912,57947,57948,57949,57950,57951,57952,57976,57977,57979,57982,57983,57984,57985,57986,57987,57993,57994,58011,58016,58022,58023,58024,58025,58026,58027,58031,58036,58045,58086,58161,58162,58163,58164,58165,58166,58174,58268,58272,58351,58433,58473,58480,58483,58484,58486,58488,58524,58589,58590,58591,58592,58593,58616,58617,58618,58654,58714,58719,58720,58721,58723,58724,58726,58751,58771,58799,58800,58821,58843,58869,58916,58931,58932,58936,58941,58976,58977,58978,58979,58980,58996,59009,59011,59014,59015,59021,59023,59025,59130,59147,59171,59172,59185,59188,59190,59196,59197,59198,59199,59200,59202,59206,59209,59210,59223,59231,59232,59256,59327,59426,59427,59616,59621,59622,59623,59644,59656,59710,59712,59713,59714,59715,59716,59724,59726,59751,59752,59753,59754,59755,59756,59757,59758,59759,59760,59761,59762,59765,59766,59767,59770,59773,59774,59776,59801,59802,59846,59868,59874,59897,59907,59914,59915,59920,59959,59960,59962,59966,59973,59974,60005,60006,60007,60008,60009,60013,60020,60021,60052,60053,60054,60055,60056,60129,60148,60149,60150,60151,60152,60154,60156,60179,60180,60181,60219,60276,60277,60313,60316,60338,60341,60428,60451,60453,60461,60480,60487,60506,60514,60519,60520,60521,60522,60557,60563,60566,60567,60572,60575,60577,60578,60594,60600,60621,60624,60628,60629,60630,60631,60632,60637,60638,60639,60644,60647,60648,60661,60671,60709,60724,60733,60735,60737,60738,60763,60764,60778,60831,60839,60856,60857,60859,60881,60886,60901,60905,60972,61051,61096,61107,61190,61715,61716,62170,62654,62718,62807
Shadowlands_Alliance.lua,Shadowlands_Alliance.lua,2,300,56829,56942,56955,56978,57007,57025,57026,57037,57098,57102,57131,57136,57159,57161,57164,57173,57174,57175,57176,57177,57178,57179,57180,57182,57189,57190,57240,57261,57263,57264,57265,57266,57267,57269,57270,57288,57291,57380,57381,57386,57390,57405,57425,57426,57427,57428,57442,57446,57447,57460,57461,57511,57512,57514,57515,57516,57584,57676,57677,57689,57690,57691,57693,57694,57709,57710,57711,57713,57714,57716,57717,57719,57724,57787,57816,57876,57877,57878,57908,57909,57912,57947,57948,57949,57950,57951,57976,57977,57979,57982,57983,57984,57985,57986,57987,57993,57994,58011,58016,58027,58031,58036,58045,58086,58174,58268,58351,58433,58473,58480,58483,58484,58486,58488,58524,58589,58590,58591,58592,58593,58616,58617,58618,58654,58714,58719,58720,58721,58723,58724,58726,58751,58771,58799,58800,58821,58843,58869,58916,58931,58932,58941,58976,58977,58978,58979,58980,59009,59011,59014,59015,59021,59023,59025,59130,59147,59171,59172,59185,59188,59190,59196,59197,59198,59199,59200,59202,59206,59209,59210,59223,59231,59232,59256,59327,59426,59616,59644,59751,59752,59753,59754,59755,59756,59757,59758,59759,59760,59761,59762,59765,59766,59767,59770,59773,59774,59776,59874,59897,59907,59914,59915,59920,59959,59960,59962,59966,59973,59974,60005,60006,60007,60008,60009,60013,60020,60021,60052,60053,60054,60055,60056,60129,60148,60149,60150,60151,60152,60154,60156,60179,60180,60181,60219,60313,60338,60341,60428,60451,60453,60461,60506,60519,60520,60521,60522,60545,60557,60563,60566,60567,60572,60575,60577,60578,60594,60600,60621,60624,60628,60629,60630,60631,60632,60637,60638,60639,60644,60647,60648,60661,60671,60709,60724,60733,60735,60737,60738,60763,60764,60778,60831,60839,60856,60857,60859,60881,60886,60901,60905,60972,61096,61107,61190,61715,61716,62170,62654,62718,62807
